Query,Response
What information does the booklet provide?,"This booklet provides essential information regarding your policy, including details about the benefits, exclusions, and how to make a claim."
What are the benefits included in the policy?,"The policy includes benefits such as medical coverage, personal accident coverage, and critical illness coverage, each with specific terms and conditions."
What are some of the exclusions in the policy?,"The policy excludes certain conditions such as pre-existing conditions, self-inflicted injuries, and injuries during illegal activities from the coverage."
How do I make a claim?,"To make a claim, notify us as soon as possible, preferably within 30 days of the incident, and provide the necessary supporting documents and forms."
When is the policy renewal notice sent?,"A renewal notice is sent 30 days before the policy expiry date, reminding you to review the terms and conditions as they may change."
Who can I contact for assistance with my policy?,"You can contact our customer service team via the provided numbers or email, available 24/7 for assistance with your policy needs."
What types of coverage does the policy offer?,"The policy offers coverage including medical, personal accident, and critical illness, each governed by specific terms and conditions."
Are pre-existing conditions covered by the policy?,"No, pre-existing conditions are excluded from the coverage provided by the policy."
How soon should I notify the insurer after an incident?,"You should notify us as soon as possible, preferably within 30 days of the incident, to make a claim."
What should be reviewed during policy renewal?,"During policy renewal, review the terms and conditions as they may change, ensuring they still meet your needs."
Is the customer service available 24/7?,"Yes, our customer service team is available 24/7 to help you with any queries or assistance regarding your policy."
What should be included when making a claim?,"When making a claim, include supporting documents and complete the necessary forms as part of the process."
How does personal accident coverage work in the policy?,"Personal accident coverage provides benefits for injuries or accidents, subject to specific terms and conditions outlined in the policy."
What is the critical illness coverage about?,"Critical illness coverage offers benefits for serious health conditions as specified in the policy, with particular terms and conditions."
Are self-inflicted injuries covered by the policy?,"No, self-inflicted injuries are excluded from the coverage under the policy."
What are the general exclusions in this policy?,"General exclusions include pre-existing conditions, self-inflicted injuries, and injuries caused during illegal activities."
What is the procedure for renewing the policy?,The procedure for renewing the policy includes reviewing the renewal notice sent 30 days before expiry and ensuring the terms and conditions are acceptable.
How do I contact customer service?,Contact customer service through the provided phone numbers or email for any assistance with your policy.
When should I review my policy terms?,Review your policy terms during the annual renewal period to ensure they meet your current needs and circumstances.
What documents are needed to make a claim?,Documents needed to make a claim include incident reports and any supporting evidence required by the policy.
Can I get assistance outside of office hours?,"Yes, customer service is available 24/7 to assist you with any policy-related queries or needs."
What types of incidents are excluded from coverage?,Incidents such as those resulting from illegal activities or self-inflicted injuries are excluded from coverage.
What should be done within 30 days of an incident?,You should notify the insurer and begin the claims process within 30 days of the incident.
How is medical coverage provided under this policy?,Medical coverage is provided under specific terms and conditions that define the extent and limits of the coverage.
What is the notice period for policy renewal?,The notice period for policy renewal is 30 days before the policy expiry date.
How can I ensure my policy is renewed correctly?,Ensure your policy is renewed correctly by reviewing the renewal notice and terms and conditions provided 30 days before expiry.
What should be checked during policy renewal?,Check the updated terms and conditions during policy renewal to make sure they align with your needs.
Are injuries during illegal activities covered?,"No, injuries sustained during illegal activities are excluded from the policy coverage."
What steps are involved in making a claim?,"Steps involved in making a claim include notifying the insurer, providing necessary documentation, and completing required forms."
How soon must the insurer be notified of an incident?,"The insurer must be notified as soon as possible, preferably within 30 days of the incident, to initiate a claim."
What conditions must be met for critical illness coverage?,Conditions for critical illness coverage include having a qualifying serious health condition as outlined in the policy.
Are there any conditions for personal accident coverage?,"Yes, personal accident coverage has specific terms and conditions that apply to the benefits provided."
What does the policy booklet contain?,"The policy booklet contains essential information about your policy, including benefits, exclusions, and the claims process."
How are pre-existing conditions handled in the policy?,Pre-existing conditions are excluded from the coverage under the policy.
What is the process for contacting customer service?,"To contact customer service, use the provided phone numbers or email available in the policy booklet."
When do I need to start the claim process?,"Start the claim process as soon as possible, ideally within 30 days of the incident."
What are the specific exclusions in this policy?,"Specific exclusions include pre-existing conditions, self-inflicted injuries, and injuries resulting from illegal activities."
Who should I reach out to for policy queries?,"For policy queries, reach out to our customer service team, available 24/7 for assistance."
What benefits does medical coverage include?,"Medical coverage includes various benefits, each defined by specific terms and conditions in the policy."
